-- phpMyAdmin SQL Dump
-- version 4.6.6
-- https://www.phpmyadmin.net/
--
-- Host: localhost
-- Generation Time: Jun 18, 2025 at 11:25 AM
-- Server version: 5.7.27-0ubuntu0.16.04.1-log
-- PHP Version: 7.0.33-0ubuntu0.16.04.6

SET SQL_MODE = "NO_AUTO_VALUE_ON_ZERO";
SET time_zone = "+00:00";


/*!40101 SET @OLD_CHARACTER_SET_CLIENT=@@CHARACTER_SET_CLIENT */;
/*!40101 SET @OLD_CHARACTER_SET_RESULTS=@@CHARACTER_SET_RESULTS */;
/*!40101 SET @OLD_COLLATION_CONNECTION=@@COLLATION_CONNECTION */;
/*!40101 SET NAMES utf8mb4 */;

--
-- Database: `lunchbox`
--

-- --------------------------------------------------------

--
-- Table structure for table `schools`
--

CREATE TABLE `schools` (
  `sid` int(11) NOT NULL,
  `school_name` varchar(200) NOT NULL,
  `short_name` varchar(20) NOT NULL,
  `adress` varchar(255) NOT NULL
) ENGINE=InnoDB DEFAULT CHARSET=latin1;

--
-- Dumping data for table `schools`
--

INSERT INTO `schools` (`sid`, `school_name`, `short_name`, `adress`) VALUES
(1, 'Westberry School', 'Westberry', 'Pedamiram, Bhimavaram'),
(2, 'Bharatiya Vidya Bhavan', 'Bhavans', 'Munshi Marg, Three Town, Bhimvaram'),
(3, 'Eurokids Pre-School', 'Eurokids', 'Beside Chandrika Family Restaurant, Sriram Nagar, Bhimavaram');

-- --------------------------------------------------------

--
-- Table structure for table `subscriptions`
--

CREATE TABLE `subscriptions` (
  `pid` varchar(15) NOT NULL,
  `childname` varchar(100) NOT NULL,
  `school` int(3) NOT NULL,
  `child_details` varchar(200) DEFAULT NULL,
  `area` varchar(100) DEFAULT NULL,
  `apartment` varchar(100) DEFAULT NULL,
  `address` varchar(200) DEFAULT NULL,
  `pincode` int(6) DEFAULT NULL,
  `alternate_mobile` varchar(15) DEFAULT NULL,
  `delivery_partner` int(11) NOT NULL,
  `subscribed_on` varchar(50) DEFAULT NULL,
  `serial` int(11) DEFAULT NULL
) ENGINE=InnoDB DEFAULT CHARSET=latin1;

--
-- Dumping data for table `subscriptions`
--

INSERT INTO `subscriptions` (`pid`, `childname`, `school`, `child_details`, `area`, `apartment`, `address`, `pincode`, `alternate_mobile`, `delivery_partner`, `subscribed_on`, `serial`) VALUES
('1111111111', 'Olive', 1, '', 'Balusumudi', 'Bhaskara Residency', 'Bhaskara Residency 1st floor 101', 534204, '', 3, '2023-07-09 20:57:42', 303),
('2222222222', 'parent Name (2 Boxes)', 1, '', 'Cosmo Club Road', 'Tirumala Enclave', 'Tirumala Enclave 4 D5 5th floor', 534204, '', 3, '2023-07-11 20:57:42', 305),
('3333333333', 'parent', 1, '', 'youth club road', 'Sri Raghava Towers', 'sri Raghava Towers 1st floor 106', 534204, '', 3, '2023-07-12 20:57:42', 308),
('4444444444', 'parent Name (2 Boxes)', 1, '', 'peddhamiram', 'Silver Springs', 'Silver springs vills 22 (Westberry school Road)', 534201, '', 3, '2023-07-17 20:57:42', 314),
('5555555555', 'parentName', 1, '', 'peddhamiram', 'Silver Springs', ' Silver springs vills 32 (Westberry school Road)', 534201, '', 3, '2023-07-18 20:57:42', 315),
('6666666666', 'Parent Name', 1, '', 'ASR Nagar', 'Vijay Lakshmi Towers', 'vijay lakshmi towers 1st floor A2 4th left', 534202, '', 1, '2023-08-15 20:57:42', 107),
('7075379506', 'Parent Name', 1, '', 'Chinna Amiram', 'vishnu manaswini enclave', 'vishnu manaswini enclave 409 4 th floor vishvakavi school road', 534204, '', 2, '2023-07-27 20:57:42', 211),
('7093525985', 'kavi', 1, '', 'Balusumudi', 'new ramalayam oppsite', 'Annapurna Nilayam 1floor  ( new ramalayam oppsite)', 534204, '', 3, '2023-07-08 20:57:42', 302),
('7777777777', 'parent name', 1, '', 'Sivaraopeta', 'Current Office Old', 'patha current office road 2nd right deadend house', 534204, '', 5, '2023-09-03 20:57:42', 501),
('7989264811', 'Jagadeesh', 1, '', 'Balusumudi', 'new ramalayam oppsite', 'Venkateswara Towers E2( new ramalayam oppsite)', 534204, '', 3, '2023-07-07 20:57:42', 301),
('8008833997', 'Naga Murali', 1, '', 'Gunupudi', 'Mavullama puri gudi', 'Mavullama puri gudi backside house', 534201, '', 4, '2023-08-04 20:57:42', 405),
('8096402224', 'pravallika', 1, '', 'ASR Nagar', 'Sita towers', 'sita towers 407 4th floor addavanthena road', 534202, '', 1, '2023-08-11 20:57:42', 103),
('8297999699', 'P mounika', 1, '', 'peddhamiram', 'Psr Green City', 'Psr green city 3rd left  side  3rd house right side', 534201, '', 3, '2023-07-16 20:57:42', 313),
('8328621506', 'Swami Raju', 1, '', 'ASR Nagar', 'vishnu towers', 'vishnu towers 5th floor 405 oppsite  water tank ', 534202, '', 1, '2023-08-22 20:57:42', 115),
('8374665666', 'pravallika', 1, '', 'Rayalam', 'ramakrishna Residency', 'ramakrishna Residency 302 4th Floor  (Rayalam Bypass Road oppsite Ramprasad Avenue)', 534204, '', 5, '2023-09-13 20:57:42', 511),
('8754448634', 'Tanuja', 1, '', 'Balusumudi', 'siri Icon', 'siri Icon 403 4floor vempa raju road 1 Right Side ', 534204, '', 5, '2023-09-07 20:57:42', 505),
('8886088449', 'deepthi varma', 1, '', 'ASR Nagar', 'lotus residency', 'lotus residency c 401 5th floor ASR kalyana mandapam backside', 534202, '', 1, '2023-08-28 20:57:42', 121),
('8886222232', 'priyanka', 1, '', 'Sivaraopeta', 'maharshi towers', 'maharshi towers F4 1st floor 1st right ', 534204, '', 5, '2023-09-04 20:57:42', 502),
('8978411400', 'Pinky   (2 boxes)', 1, '', 'Gunupudi', 'Municipal office', 'Municipal office opposite Building 1floor', 534201, '', 4, '2023-08-08 20:57:42', 409),
('8985321414', 'Siri  (2 boxes)', 1, '', 'Chinna Amiram', 'VishnuPriya Towers', 'VishnuPriya Towers 202 2floor Sri Chaitanya collage road 2nd Right Side ', 534204, '', 2, '2023-07-30 20:57:42', 214),
('9000188551', '  Krupa   (2 boxes)', 1, '', 'Gunupudi', 'Bethany Peta', 'Bethany Peta  misson hospital back side ', 534201, '', 4, '2023-07-31 20:57:42', 401),
('9059114499', 'prathuysha', 1, '', 'Balasumudi', '32 Dental Care road Green House', '32 Dental Care road Green House', 534204, '', 2, '2023-07-25 20:57:42', 209),
('9100634444', 'yamuna mantena ', 1, '', 'Rayalam', 'Sampath Paradise', 'Sampath Paradise 302 3rd floor Rayalam Bypass road ', 534204, '', 5, '2023-09-08 20:57:42', 506),
('9177155456', 'Amrutha garu', 1, '', 'Chinnamiram', 'Vinay Classic', 'vinay classic 3 rd floor 307 Srkr clg opp', 534204, '', 3, '2023-07-13 20:57:42', 310),
('9177534111', 'ravi teja', 1, '', 'sriram puram', 'Kokas Enclave', 'kokas enclave     watch man pick', 534201, '', 2, '2023-07-21 20:57:42', 205),
('9391887888', 'Pinky jain  (2 boxes)', 1, '', 'Gunupudi', 'K bookstall shop', 'SK bookstall shop building 2nd floor right side to stairs (Mavvulam purigudi)', 534201, '', 4, '2023-08-02 20:57:42', 403),
('9393234119', 'chandini pavin', 1, '', 'ASR Nagar', 'shreya towers', 'shreya towers 3rd floor 302 ASR kalyana mandapam backside', 534202, '', 1, '2023-08-27 20:57:42', 120),
('9394499989', 'Divya ', 1, '', 'ASR Nagar', 'Lotus Orient Apartment', 'lotus orient apartment opposite cake shop', 534202, '', 1, '2023-08-16 20:57:42', 108),
('9397676677', 'lavanya', 1, '', 'ASR Nagar', 'lotus residency', 'lotus residency A 103  1st floor ASR kalyana mandapam backside road', 534202, '', 1, '2023-09-01 20:57:42', 125),
('9440622003', 'deepthi (2 boxes)', 1, '', 'Gunupudi', 'SBI main branch', 'SBI main branch beside house ', 534201, '', 2, '2023-07-17 20:57:42', 201),
('9441116444', 'sravanthi', 1, '', 'Pedamiram', 'Psr Green City', 'Psr green city 5th  right side (44 villa) 2nd floor', 534201, '', 3, '2023-07-14 20:57:42', 311),
('9441235555', 'manasa Priya', 1, '', 'ASR Nagar', 'SLV Gangotri Towers', 'Slv Gangotri towers 404   4th floor  (TV tower road)', 534202, '', 1, '2023-08-21 20:57:42', 114),
('9493475111', 'Keerthana', 1, '', 'ASR Nagar', 'Vivekanda Homes', 'vivekanda homes 402 4th floor  (TV tower road)', 534202, '', 1, '2023-08-18 20:57:42', 111),
('9493855599', 'nikitha varma', 1, '', 'ASR Nagar', 'lotus residency', 'lotus residency C 202 3th floor ASR kalyana mandapam backside', 534202, '', 1, '2023-08-30 20:57:42', 123),
('9494266789', 'parent name', 1, '', 'rayalam bypass', 'Ramprasad Avenue', 'Sri Krishna Nilayam (Ramprasad Avenue)', 534204, '', 5, '2023-09-14 20:57:42', 512),
('9494435744', 'Moulika', 1, '', 'peddhamiram', 'Psr Green City', 'Psr green city 3rd left  side (6 villa)  1st floor party office', 534201, '', 3, '2023-07-15 20:57:42', 312),
('9494492599', 'Vennala', 1, '', 'Gunupudi', 'SBI main branch', 'SBI main branch backside', 534201, '', 2, '2023-07-18 20:57:42', 202),
('9494923625', 'Kavya', 1, '', 'Chinna Amiram', 'Municpal Office', 'Municipal office backside', 534204, '', 2, '2023-07-20 20:57:42', 204),
('9505022222', 'chinni', 1, '', 'youth club road', 'Sai Rama Towers', 'sai rama towers D block 504 5 th (sai baba temple back side)', 534204, '', 3, '2023-07-10 20:57:42', 306),
('9505421188', 'Kiran Raju  (2 boxes)', 1, '', 'ASR Nagar', 'Asr statue', 'Asr statue back side house', 534202, '', 1, '2023-08-24 20:57:42', 117),
('9515851883', 'parent name', 1, '', 'Rayalam', 'Alpha Towers', 'Alpha Towers A Block 208  (Rayalam bypass road)', 534204, '', 5, '2023-09-10 20:57:42', 508),
('9542672234', 'Divya Raju', 1, '', 'ASR Nagar', 'Elite towers', 'Elite towers opposite road 2nd floor (Ayush restaruant beside road)', 534202, '', 1, '2023-08-25 20:57:42', 118),
('9553444457', 'Gayatri', 1, '', 'Chinna Amiram', 'MS Narasimha Raju Building', 'MS Narasimha Raju Building 3rd floor (chinnamiram) vishvakavi school rood', 534204, '', 2, '2023-07-28 20:57:42', 212),
('9554522222', 'Ramya', 1, '', 'Sivaraopeta', 'ramalayam temple', ' ramalayam temple opp road kaluva 2nd house', 534204, '', 5, '2023-09-05 20:57:42', 503),
('9573407666', 'parent name', 1, '', 'Rayalam', 'Alpha Towers', 'Alpha Towers A Block 204 (Rayalam bypass road)', 534204, '', 5, '2023-09-11 20:57:42', 509),
('9577595776', 'Bhagi', 1, '', 'ASR Nagar', 'lotus residency', 'lotus residency C 403 5th floor ASR kalyana mandapam backside', 534202, '', 1, '2023-08-29 20:57:42', 122),
('9603933338', 'pravallika rudraraju', 1, '', 'ASR Nagar', 'RR heights', 'RR heights 402 4floor water tank', 534202, '', 1, '2023-08-23 20:57:42', 116),
('9618110459', 'madhuri', 1, '', 'ASR Nagar', 'Vivekanda Homes', 'vivekanda homes 102 1 th floor  (TV tower road)', 534202, '', 1, '2023-08-20 20:57:42', 113),
('9642803277', 'Sruthi', 1, '', 'Balasumudi', 'Sri Lakshmi Nilayam (Hansi)', 'Sri Lakshmi Nilayam (Hansi)', 534204, '', 2, '2023-07-24 20:57:42', 208),
('9652753739', 'Spandana', 1, '', 'Gunupudi', 'K bookstall shop', 'SK bookstall opposite (mavvulam purigudi backside)', 534201, '', 4, '2023-08-03 20:57:42', 404),
('9652822235', 'Taruna', 1, '', 'Gunupudi', 'Masjid opposite', 'Masjid opposite', 534201, '', 4, '2023-08-01 20:57:42', 402),
('9701314877', 'parent name', 1, '', 'Rayalam', 'Alpha Towers', 'Alpha Towers B Block 403 (Rayalam bypass road)', 534204, '', 5, '2023-09-12 20:57:42', 510),
('9704186789', 'lakshmi pavan', 1, '', 'ASR Nagar', 'lotus residency', 'lotus residency C G4 1st floor ASR kalyana mandapam backside', 534202, '', 1, '2023-08-31 20:57:42', 124),
('9704534455', 'Jagadeesh +', 1, '', 'DNR road', 'Seetha Mansion 302', 'Seetha Mansion 302', 534202, '', 2, '2023-07-23 20:57:42', 207),
('9739476669', 'kiran', 1, '', 'youth club road', 'Iris Grand', 'Iris grand 2nd floor 211  (sai baba temple opp)', 534204, '', 3, '2023-07-11 20:57:42', 307),
('9849944199', 'Jagadeesh T', 1, '', 'rayalam', 'Rayalam deff and dum school canal road', 'Rayalam deff and dum school canal road', 534204, '', 3, '2023-07-10 20:57:42', 304),
('9866136008', 'Roji', 1, '', 'ASR Nagar', 'satya homes', 'satya homes 5th floor (D1) (Ayush restaruant beside road)', 534202, '', 1, '2023-08-26 20:57:42', 119),
('9866412348', 'Anitha  (2 boxes)', 1, '', 'Vamsi krishna nagar', 'Vamsi krishna nagar', 'Vamsi krishna nagar 4th left kakathiya old school opposite', 534202, '', 1, '2023-08-09 20:57:42', 101),
('9885394144', 'Jagadeesh +  (2 boxes)', 1, '', 'Balasumudi', 'Chettu Kinda Sai baba', 'Chettu Kinda Sai baba', 534204, '', 2, '2023-07-26 20:57:42', 210),
('9885670571', 'subha  (2 boxes)', 1, '', 'Gandhi nagar', 'DTDC opposite', 'DTDC opposite black house   SBI main branch opp road', 534201, '', 4, '2023-08-07 20:57:42', 408),
('9908034500', 'honey', 1, '', 'Balasumudi', 'Chicken shop opposite road', 'Chicken shop opposite road', 534204, '', 2, '2023-07-22 20:57:42', 206),
('9908144655', 'Aruna', 1, '', 'ASR Nagar', 'Punnami Towers', 'punnami towers 3rd floor 301  (TV tower road)', 534202, '', 1, '2023-08-16 20:57:42', 109),
('9908954783', 'Pavani  (2 boxes)', 1, '', 'ASR Nagar', 'MSR towers', 'MSR towers 305 4th floor addavanthena road', 534202, '', 1, '2023-08-12 20:57:42', 104),
('9948522226', 'Sri', 1, '', 'ASR Nagar', 'Hanuma Residency', 'Hanuma Residency 201 3rd floor ASR kalyana mandapam backside road', 534202, '', 1, '2023-09-02 20:57:42', 126),
('9948817092', 'Sudha (2 boxes)', 1, '', 'Chinna Amiram', 'Baroda Bank', 'Baroda bank tygaraju bhavan  (opp) green house', 534204, '', 2, '2023-07-19 20:57:42', 203),
('9949414757', 'Mahesh garu', 1, '', 'rayalam bypass', 'Ramprasad Avenue', 'Mahesh Garu (Ramprasad Avenue)', 534204, '', 5, '2023-09-15 20:57:42', 513),
('9949432244', 'fatima', 1, '', 'ASR Nagar', 'Gopi Krishna Towers', 'Gopi krishna towers 101 1floor', 534202, '', 1, '2023-08-14 20:57:42', 106),
('9949700007', 'Ramya', 1, '', 'jp road', 'Blossom cell shop', 'Blossom cell shop (ganesh canteen opposite) ', 534204, '', 5, '2023-09-06 20:57:42', 504),
('9949834977', 'Soundarya', 1, '', 'Rayalam', 'Surya Teja Towers', 'Surya Teja Towers (Rayalam bypass road)', 534204, '', 5, '2023-09-09 20:57:42', 507),
('9949899498', 'Jagadeesh +', 1, '', 'Gunupudi', 'Simhadripuram Gudi', 'Simhadripuram Gudi', 534201, '', 4, '2023-08-05 20:57:42', 406),
('9949941133', 'Bobby', 1, '', 'Chinna Amiram', 'VR Towers', 'VR Towers 1floor 103 vempadu road', 534204, '', 2, '2023-07-29 20:57:42', 213),
('9959611117', 'Srujana', 1, '', 'ASR Nagar', 'Krishna Residency', 'Krishna residency 5th floor (402)  (TV tower road)', 534202, '', 1, '2023-08-17 20:57:42', 110),
('9963609788', 'Srinivasa Rao (2 boxes)', 1, '', 'Chinna Amiram', 'Bhimavaram Hospital road', 'Bhimavaram Hospital road', 534204, '', 5, '2023-09-16 20:57:42', 514),
('9966028333', 'madhuri', 1, '', 'Chinna Amiram', 'Jaya srib towers', 'jaya Sri Towers 5th Floor 412', 534204, '', 3, '2023-07-12 20:57:42', 309),
('9966066668', 'Manjusha', 1, '', 'ASR Nagar', 'Canara Bank Backside', 'Canara Bank Backside (Manjusa)', 534202, '', 1, '2023-08-10 20:57:42', 102),
('9985921927', 'Ramya karmuri', 1, '', 'Gunupudi', 'Simhadripuram Gudi', ' Simhadripuram Gudi  road beside  duplex vididhillu road', 534201, '', 4, '2023-08-06 20:57:42', 407),
('9989804141', 'Prathima', 1, '', 'ASR Nagar', 'Vivekanda Homes', 'vivekanda homes 302  3th floor  (TV tower road)', 534202, '', 1, '2023-08-19 20:57:42', 112),
('9989994199', 'Gayatri  (2 boxes)', 1, '', 'ASR Nagar', 'Prince Towers', 'Prince towers 202 2nd floor addavanthena road', 534202, '', 1, '2023-08-13 20:57:42', 105);

-- --------------------------------------------------------

--
-- Table structure for table `team`
--

CREATE TABLE `team` (
  `eid` int(11) NOT NULL,
  `name` varchar(200) NOT NULL,
  `mobile` varchar(15) NOT NULL,
  `type` varchar(15) NOT NULL
) ENGINE=InnoDB DEFAULT CHARSET=latin1;

--
-- Dumping data for table `team`
--

INSERT INTO `team` (`eid`, `name`, `mobile`, `type`) VALUES
(0, 'Admin', '9010872333', 'F'),
(1, 'Jagadeesh', '9581981888', 'F'),
(2, 'sanjay', '6304679588', 'P'),
(3, 'siva', '8466075576', 'F'),
(4, 'ganesh', '8143234177', 'P'),
(5, 'dada', '9182555783', 'P');

-- --------------------------------------------------------

--
-- Table structure for table `trips`
--

CREATE TABLE `trips` (
  `tripid` int(11) NOT NULL,
  `pid` varchar(15) NOT NULL,
  `school` int(11) DEFAULT NULL,
  `date` date NOT NULL,
  `pickup_time` timestamp NULL DEFAULT NULL,
  `drop_time` timestamp NULL DEFAULT NULL,
  `delivery_by` varchar(15) DEFAULT NULL
) ENGINE=InnoDB DEFAULT CHARSET=latin1;

--
-- Dumping data for table `trips`
--

INSERT INTO `trips` (`tripid`, `pid`, `school`, `date`, `pickup_time`, `drop_time`, `delivery_by`) VALUES
(1, '9177155456', 1, '2023-06-25', '2023-06-25 06:37:50', '2023-06-25 06:30:00', NULL),
(2, '9100634444', 1, '2023-06-25', '2023-06-25 05:30:00', '2023-06-25 12:35:31', NULL),
(3, '7093525985', 1, '2023-06-25', '2023-06-25 09:50:14', '2023-06-25 10:34:35', NULL),
(4, '7702014847', 1, '2023-06-25', '2023-06-25 10:34:41', '2023-06-25 11:02:21', NULL),
(5, '7989264811', 1, '2023-06-25', '2023-06-25 11:03:24', '2023-06-25 11:03:27', NULL),
(6, '8008833997', 1, '2023-06-25', '2023-06-25 11:08:10', '2023-06-25 11:54:54', NULL),
(7, '8328621506', 1, '2023-06-25', '2023-06-25 11:35:13', '2023-06-25 15:27:07', NULL),
(8, '9948817092', 1, '2023-06-25', '2023-06-25 12:34:50', '2023-06-25 16:14:03', NULL),
(9, '9989994199', 1, '2023-06-25', '2023-06-25 12:37:58', NULL, NULL),
(10, '9177155457', 1, '2023-06-25', '2023-06-25 15:26:54', '2023-06-25 16:13:36', NULL),
(11, '8297999699', 1, '2023-06-25', '2023-06-25 16:12:58', NULL, NULL),
(12, '8374665666', 1, '2023-06-25', '2023-06-25 16:13:00', NULL, NULL),
(13, '8754448634', 1, '2023-06-25', '2023-06-25 16:13:02', NULL, NULL),
(14, '9966775218', 1, '2023-06-25', '2023-06-25 16:13:29', NULL, NULL),
(15, '8978411400', 1, '2023-06-26', '2023-06-26 02:07:51', '2023-06-26 02:07:57', NULL),
(16, '9000057688', 1, '2023-06-26', '2023-06-26 02:07:55', NULL, NULL),
(17, '9000188551', 1, '2023-06-26', '2023-06-26 02:08:04', NULL, NULL),
(18, '8008833997', 1, '2023-06-26', '2023-06-26 02:08:06', NULL, NULL),
(19, '9652753739', 1, '2023-06-26', '2023-06-26 11:00:55', NULL, NULL),
(20, '9177155457', 1, '2023-06-26', '2023-06-26 11:10:40', '2023-06-26 11:11:23', NULL),
(21, '7093525985', 1, '2023-06-26', '2023-06-26 11:13:11', '2023-06-26 11:15:37', NULL),
(22, '7093525985', 1, '2023-06-27', '2023-06-27 07:46:23', '2023-06-27 07:46:29', NULL),
(23, '8008833997', 1, '2023-06-28', '2023-06-28 08:28:53', '2023-06-28 08:28:59', NULL),
(24, '9000057688', 1, '2023-06-28', '2023-06-28 08:30:14', NULL, NULL),
(25, '9000188551', 1, '2023-06-28', '2023-06-28 08:30:17', NULL, NULL),
(26, '9391887888', 1, '2023-06-28', '2023-06-28 08:30:20', NULL, NULL),
(27, '8328621506', 1, '2023-06-28', '2023-06-28 08:33:55', '2023-06-28 08:34:09', NULL),
(28, '7093525985', 1, '2023-06-28', '2023-06-28 08:59:04', NULL, NULL),
(29, '7702014847', 1, '2023-06-28', '2023-06-28 08:59:14', '2023-06-28 08:59:19', NULL),
(30, '7989264811', 1, '2023-06-28', '2023-06-28 09:04:21', '2023-06-28 09:04:24', NULL),
(31, '7093525985', 1, '2023-06-30', '2023-06-30 06:32:11', '2023-06-30 06:32:13', NULL),
(32, '7702014847', 1, '2023-06-30', '2023-06-30 06:47:03', '2023-06-30 06:47:06', NULL),
(33, '7989264811', 1, '2023-06-30', '2023-06-30 06:47:05', '2023-06-30 06:47:07', NULL),
(34, '8008833997', 1, '2023-06-30', '2023-06-30 06:47:12', NULL, NULL),
(35, '7093525985', 1, '2023-07-05', '2023-07-05 06:13:16', '2023-07-05 06:15:50', NULL),
(36, '7702014847', 1, '2023-07-05', '2023-07-05 06:41:17', '2023-07-05 06:41:19', NULL),
(37, '7093525985', 1, '2023-07-08', '2023-07-08 14:15:15', NULL, NULL),
(38, '7702014847', 1, '2023-07-08', '2023-07-08 14:15:16', NULL, NULL),
(39, '8008833997', 1, '2023-07-08', '2023-07-08 15:21:48', NULL, NULL),
(40, '9885670571', 1, '2023-07-09', '2023-07-09 05:28:23', NULL, NULL),
(41, '1234567890', 1, '2023-07-09', '2023-07-09 05:28:25', '2023-07-09 05:28:28', NULL),
(42, '1234567890', 1, '2023-07-10', '2023-07-10 03:35:50', '2023-07-10 03:35:52', NULL),
(43, '9866412348', 1, '2023-07-10', '2023-07-10 04:37:04', '2023-07-10 04:37:15', NULL),
(44, '9966066668', 1, '2023-07-10', '2023-07-10 04:37:06', '2023-07-10 04:37:16', NULL),
(45, '8096402224', 1, '2023-07-10', '2023-07-10 04:37:07', '2023-07-10 04:37:17', NULL),
(46, '9908954783', 1, '2023-07-10', '2023-07-10 04:37:09', '2023-07-10 04:37:18', NULL),
(47, '9949899498', 1, '2023-07-10', '2023-07-10 04:37:59', NULL, NULL),
(48, '9603933338', 1, '2023-07-10', '2023-07-10 04:38:02', '2023-07-10 04:07:03', NULL),
(49, '9989994199', 1, '2023-07-10', '2023-07-10 04:38:04', '2023-07-10 04:07:00', NULL),
(50, '9949432244', 1, '2023-07-10', '2023-07-10 04:38:06', '2023-07-10 04:07:01', NULL),
(51, '8888888888', 1, '2023-07-10', '2023-07-10 04:06:57', '2023-07-10 04:06:59', NULL),
(52, '9394499989', 1, '2023-07-10', '2023-07-10 04:07:25', '2023-07-10 04:07:28', NULL),
(53, '9866412348', 1, '2023-07-19', '2023-07-19 04:40:27', '2023-07-19 04:40:29', NULL),
(54, '9966066668', 1, '2023-07-19', '2023-07-19 04:40:38', '2023-07-19 04:40:39', NULL),
(55, '8096402224', 1, '2023-07-19', '2023-07-19 04:40:41', '2023-07-19 04:40:42', NULL),
(56, '9440622003', 1, '2023-07-19', '2023-07-19 04:50:22', '2023-07-19 04:50:24', NULL),
(57, '9494492599', 1, '2023-07-19', '2023-07-19 04:52:21', '2023-07-19 04:52:23', NULL),
(58, '7777777777', 1, '2023-07-19', '2023-07-19 05:00:02', '2023-07-19 05:00:17', NULL),
(59, '9948817092', 1, '2023-07-19', '2023-07-19 05:04:09', NULL, NULL),
(60, '8886222232', 1, '2023-07-19', '2023-07-19 05:45:42', '2023-07-19 06:50:29', NULL),
(61, '9949700007', 1, '2023-07-19', '2023-07-19 05:45:57', '2023-07-19 06:51:36', NULL),
(62, '9554522222', 1, '2023-07-19', '2023-07-19 05:46:00', '2023-07-19 06:51:33', NULL),
(63, '8754448634', 1, '2023-07-19', '2023-07-19 06:50:34', '2023-07-19 06:51:39', NULL),
(64, '9100634444', 1, '2023-07-19', '2023-07-19 06:50:38', '2023-07-19 06:51:31', NULL),
(65, '9949834977', 1, '2023-07-19', '2023-07-19 06:50:48', '2023-07-19 06:50:53', NULL),
(66, '9515851883', 1, '2023-07-19', '2023-07-19 06:50:59', '2023-07-19 06:51:24', NULL),
(67, '9963609788', 1, '2023-07-19', '2023-07-19 06:51:04', '2023-07-19 06:52:08', NULL),
(68, '9949414757', 1, '2023-07-19', '2023-07-19 06:51:08', '2023-07-19 06:52:05', NULL),
(69, '9573407666', 1, '2023-07-19', '2023-07-19 06:51:15', '2023-07-19 06:51:19', NULL),
(70, '9701314877', 1, '2023-07-19', '2023-07-19 06:51:45', '2023-07-19 06:51:57', NULL),
(71, '8374665666', 1, '2023-07-19', '2023-07-19 06:52:22', '2023-07-19 06:52:25', NULL),
(72, '9494266789', 1, '2023-07-19', '2023-07-19 06:52:30', '2023-07-19 06:52:33', NULL),
(73, '9866412348', 1, '2023-07-20', '2023-07-20 08:38:27', '2023-07-20 08:38:49', NULL),
(74, '9966066668', 1, '2023-07-20', '2023-07-20 08:38:33', '2023-07-20 08:38:54', NULL),
(75, '8096402224', 1, '2023-07-20', '2023-07-20 08:38:35', '2023-07-20 08:38:59', NULL),
(76, '9908954783', 1, '2023-07-20', '2023-07-20 08:38:38', '2023-07-20 08:39:01', NULL),
(77, '9989994199', 1, '2023-07-20', '2023-07-20 08:38:40', '2023-07-20 08:39:02', NULL),
(78, '9949432244', 1, '2023-07-20', '2023-07-20 08:39:20', NULL, NULL),
(79, '9963609788', 1, '2023-07-20', '2023-07-20 08:54:57', '2023-07-20 08:55:01', NULL),
(80, '9949414757', 1, '2023-07-20', '2023-07-20 08:55:05', NULL, NULL),
(81, '9494266789', 1, '2023-07-20', '2023-07-20 08:55:22', NULL, NULL),
(82, '8374665666', 1, '2023-07-20', '2023-07-20 08:55:36', NULL, NULL),
(83, '9866136008', 1, '2023-07-20', '2023-07-20 08:55:39', NULL, NULL),
(84, '9866412348', 1, '2023-07-24', '2023-07-24 09:57:36', NULL, NULL),
(85, '9966066668', 1, '2023-07-24', '2023-07-24 09:57:38', NULL, NULL),
(86, '8096402224', 1, '2023-07-24', '2023-07-24 09:57:39', NULL, NULL),
(87, '9908954783', 1, '2023-07-24', '2023-07-24 09:57:40', NULL, NULL),
(88, '9989994199', 1, '2023-07-24', '2023-07-24 09:57:42', NULL, NULL),
(89, '9949432244', 1, '2023-07-24', '2023-07-24 09:57:45', '2023-07-24 09:57:47', NULL),
(90, '8888888888', 1, '2023-07-24', '2023-07-24 09:57:49', '2023-07-24 09:57:51', NULL),
(91, '9394499989', 1, '2023-07-24', '2023-07-24 09:57:54', '2023-07-24 09:57:56', NULL),
(92, '9908144655', 1, '2023-07-24', '2023-07-24 09:57:58', '2023-07-24 09:58:00', NULL),
(93, '9959611117', 1, '2023-07-24', '2023-07-24 09:58:04', '2023-07-24 09:58:05', NULL),
(94, '9866412348', 1, '2023-07-25', '2023-07-25 04:59:36', '2023-07-25 04:59:50', NULL),
(95, '9966066668', 1, '2023-07-25', '2023-07-25 05:12:54', '2023-07-25 05:13:02', NULL),
(96, '8096402224', 1, '2023-07-25', '2023-07-25 05:16:00', '2023-07-25 05:16:10', NULL),
(97, '7989264811', 1, '2023-07-25', '2023-07-25 05:38:57', '2023-07-25 05:39:40', NULL),
(98, '9908954783', 1, '2023-07-25', '2023-07-25 05:39:42', '2023-07-25 05:39:52', NULL),
(99, '9989994199', 1, '2023-07-25', '2023-07-25 05:39:44', '2023-07-25 05:39:53', NULL),
(100, '9000188551', 1, '2023-07-25', '2023-07-25 05:49:47', '2023-07-25 05:49:49', NULL),
(101, '9652822235', 1, '2023-07-25', '2023-07-25 05:49:59', '2023-07-25 05:50:04', NULL),
(102, '8008833997', 1, '2023-07-25', '2023-07-25 05:50:37', NULL, NULL),
(103, '9949899498', 1, '2023-07-25', '2023-07-25 05:50:41', NULL, NULL),
(104, '7093525985', 1, '2023-07-25', '2023-07-25 05:52:36', '2023-07-25 05:52:51', NULL),
(105, '9849944199', 1, '2023-07-25', '2023-07-25 05:52:42', '2023-07-25 05:52:53', NULL),
(106, '9505022222', 1, '2023-07-25', '2023-07-25 05:52:46', '2023-07-25 05:52:55', NULL),
(118, '2222222222', 1, '2023-07-27', '2023-07-27 05:39:46', '2023-07-27 06:35:56', NULL),
(119, '9866412348', 1, '2023-07-27', '2023-07-27 05:42:59', NULL, NULL),
(120, '9966066668', 1, '2023-07-27', '2023-07-27 05:43:02', NULL, NULL),
(121, '8096402224', 1, '2023-07-27', '2023-07-27 05:43:05', '2023-07-27 05:43:08', NULL),
(122, '9000188551', 1, '2023-07-27', '2023-07-27 05:43:11', '2023-07-27 06:15:52', NULL),
(123, '9652822235', 1, '2023-07-27', '2023-07-27 05:43:13', '2023-07-27 06:15:53', NULL),
(124, '9391887888', 1, '2023-07-27', '2023-07-27 05:43:17', '2023-07-27 06:15:55', NULL),
(125, '9908954783', 1, '2023-07-27', '2023-07-27 05:43:21', NULL, NULL),
(126, '9989994199', 1, '2023-07-27', '2023-07-27 05:43:29', '2023-07-27 05:46:32', NULL),
(127, '9652753739', 1, '2023-07-27', '2023-07-27 05:43:33', '2023-07-27 06:15:57', NULL),
(128, '8008833997', 1, '2023-07-27', '2023-07-27 05:44:01', '2023-07-27 06:15:59', NULL),
(129, '9949432244', 1, '2023-07-27', '2023-07-27 05:46:35', '2023-07-27 05:46:43', NULL),
(130, '9394499989', 1, '2023-07-27', '2023-07-27 05:46:47', NULL, NULL),
(131, '6666666666', 1, '2023-07-27', '2023-07-27 05:46:53', NULL, NULL),
(132, '9908144655', 1, '2023-07-27', '2023-07-27 05:47:02', NULL, NULL),
(133, '9959611117', 1, '2023-07-27', '2023-07-27 05:47:08', '2023-07-27 05:47:27', NULL),
(134, '9493475111', 1, '2023-07-27', '2023-07-27 05:47:39', NULL, NULL),
(135, '9989804141', 1, '2023-07-27', '2023-07-27 05:47:46', NULL, NULL),
(136, '9618110459', 1, '2023-07-27', '2023-07-27 05:47:52', '2023-07-27 05:48:55', NULL),
(137, '9505022222', 1, '2023-07-27', '2023-07-27 05:49:31', '2023-07-27 05:49:40', NULL),
(138, '9949899498', 1, '2023-07-27', '2023-07-27 05:51:32', '2023-07-27 06:16:01', NULL),
(139, '9739476669', 1, '2023-07-27', '2023-07-27 05:53:25', '2023-07-27 05:53:45', NULL),
(140, '9985921927', 1, '2023-07-27', '2023-07-27 05:56:21', '2023-07-27 05:56:28', NULL),
(141, '9885670571', 1, '2023-07-27', '2023-07-27 05:56:39', '2023-07-27 05:57:01', NULL),
(142, '3333333333', 1, '2023-07-27', '2023-07-27 05:57:02', '2023-07-27 06:36:02', NULL),
(143, '8978411400', 1, '2023-07-27', '2023-07-27 06:00:14', '2023-07-27 06:15:49', NULL),
(144, '9966028333', 1, '2023-07-27', '2023-07-27 06:04:57', '2023-07-27 06:36:09', NULL),
(145, '9177155456', 1, '2023-07-27', '2023-07-27 06:09:29', '2023-07-27 06:36:13', NULL),
(146, '9441116444', 1, '2023-07-27', '2023-07-27 06:14:29', '2023-07-27 06:36:26', NULL),
(147, '9494435744', 1, '2023-07-27', '2023-07-27 06:15:31', '2023-07-27 06:36:22', NULL),
(148, '8297999699', 1, '2023-07-27', '2023-07-27 06:18:54', '2023-07-27 06:35:52', NULL),
(149, '4444444444', 1, '2023-07-27', '2023-07-27 06:22:02', '2023-07-27 06:35:45', NULL),
(150, '5555555555', 1, '2023-07-27', '2023-07-27 06:28:37', '2023-07-27 06:28:42', NULL),
(151, '9866412348', 1, '2023-07-28', '2023-07-28 05:12:13', NULL, NULL),
(152, '9966066668', 1, '2023-07-28', '2023-07-28 05:13:31', NULL, NULL),
(153, '8096402224', 1, '2023-07-28', '2023-07-28 05:21:33', NULL, NULL),
(154, '9908954783', 1, '2023-07-28', '2023-07-28 05:22:39', NULL, NULL),
(155, '9989994199', 1, '2023-07-28', '2023-07-28 05:26:26', NULL, NULL),
(156, '9949432244', 1, '2023-07-28', '2023-07-28 05:27:20', NULL, NULL),
(157, '6666666666', 1, '2023-07-28', '2023-07-28 05:29:11', NULL, NULL),
(158, '9394499989', 1, '2023-07-28', '2023-07-28 05:33:15', NULL, NULL),
(159, '9908144655', 1, '2023-07-28', '2023-07-28 05:36:18', NULL, NULL),
(160, '7777777777', 1, '2023-07-31', '2023-07-31 05:30:58', '2023-07-31 06:34:21', NULL),
(161, '9554522222', 1, '2023-07-31', '2023-07-31 05:34:28', '2023-07-31 05:38:22', NULL),
(162, '9000188551', 1, '2023-07-31', '2023-07-31 05:34:49', '2023-07-31 05:34:55', NULL),
(163, '9949700007', 1, '2023-07-31', '2023-07-31 05:39:23', '2023-07-31 06:34:33', NULL),
(164, '9652822235', 1, '2023-07-31', '2023-07-31 05:41:01', '2023-07-31 06:09:28', NULL),
(165, '8754448634', 1, '2023-07-31', '2023-07-31 05:42:21', '2023-07-31 06:34:36', NULL),
(166, '9866412348', 1, '2023-07-31', '2023-07-31 05:43:38', NULL, NULL),
(167, '9966066668', 1, '2023-07-31', '2023-07-31 05:43:41', NULL, NULL),
(168, '9391887888', 1, '2023-07-31', '2023-07-31 05:44:39', '2023-07-31 06:09:31', NULL),
(169, '9652753739', 1, '2023-07-31', '2023-07-31 05:44:47', '2023-07-31 06:09:34', NULL),
(170, '8008833997', 1, '2023-07-31', '2023-07-31 05:45:26', '2023-07-31 06:09:37', NULL),
(171, '9949834977', 1, '2023-07-31', '2023-07-31 05:47:53', '2023-07-31 06:34:39', NULL),
(172, '9949899498', 1, '2023-07-31', '2023-07-31 05:50:43', '2023-07-31 06:09:39', NULL),
(173, '9985921927', 1, '2023-07-31', '2023-07-31 05:52:30', '2023-07-31 06:09:43', NULL),
(174, '9515851883', 1, '2023-07-31', '2023-07-31 05:53:49', '2023-07-31 06:34:44', NULL),
(175, '9885670571', 1, '2023-07-31', '2023-07-31 05:55:06', '2023-07-31 06:09:47', NULL),
(176, '9573407666', 1, '2023-07-31', '2023-07-31 05:56:33', '2023-07-31 06:35:01', NULL),
(177, '9494266789', 1, '2023-07-31', '2023-07-31 06:03:04', '2023-07-31 06:35:09', NULL),
(178, '9949414757', 1, '2023-07-31', '2023-07-31 06:03:32', '2023-07-31 06:35:17', NULL),
(179, '9963609788', 1, '2023-07-31', '2023-07-31 06:14:32', '2023-07-31 06:35:14', NULL),
(180, '8886222232', 1, '2023-07-31', '2023-07-31 06:34:23', '2023-07-31 06:34:26', NULL),
(181, '9000188551', 1, '2023-08-01', '2023-08-01 05:37:58', '2023-08-01 06:40:53', NULL),
(182, '9652822235', 1, '2023-08-01', '2023-08-01 05:38:00', '2023-08-01 06:40:56', NULL),
(183, '9391887888', 1, '2023-08-01', '2023-08-01 05:43:59', '2023-08-01 06:40:48', NULL),
(184, '9652753739', 1, '2023-08-01', '2023-08-01 05:46:17', '2023-08-01 06:40:51', NULL),
(185, '8008833997', 1, '2023-08-01', '2023-08-01 05:46:21', '2023-08-01 06:40:59', NULL),
(186, '9949899498', 1, '2023-08-01', '2023-08-01 05:54:27', '2023-08-01 06:41:02', NULL),
(187, '9885670571', 1, '2023-08-01', '2023-08-01 06:03:06', '2023-08-01 06:41:05', NULL),
(188, '8978411400', 1, '2023-08-01', '2023-08-01 06:03:24', '2023-08-01 06:03:32', NULL),
(189, '9652822235', 1, '2023-08-02', '2023-08-02 05:26:05', NULL, NULL),
(190, '9391887888', 1, '2023-08-02', '2023-08-02 05:39:05', NULL, NULL),
(191, '9652753739', 1, '2023-08-02', '2023-08-02 05:39:15', NULL, NULL),
(192, '8008833997', 1, '2023-08-02', '2023-08-02 05:39:21', NULL, NULL),
(193, '9949899498', 1, '2023-08-02', '2023-08-02 05:47:51', NULL, NULL),
(194, '9985921927', 1, '2023-08-02', '2023-08-02 05:48:11', NULL, NULL),
(195, '9885670571', 1, '2023-08-02', '2023-08-02 05:50:13', NULL, NULL),
(196, '9000188551', 1, '2023-08-03', '2023-08-03 05:35:06', '2023-08-03 06:44:16', NULL),
(197, '9652822235', 1, '2023-08-03', '2023-08-03 05:43:15', '2023-08-03 06:44:27', NULL),
(198, '9391887888', 1, '2023-08-03', '2023-08-03 06:43:51', '2023-08-03 06:44:33', NULL),
(199, '9652753739', 1, '2023-08-03', '2023-08-03 06:43:54', '2023-08-03 06:44:26', NULL),
(200, '8008833997', 1, '2023-08-03', '2023-08-03 06:43:56', '2023-08-03 06:44:29', NULL),
(201, '9949899498', 1, '2023-08-03', '2023-08-03 06:43:56', '2023-08-03 06:44:36', NULL),
(202, '8978411400', 1, '2023-08-03', '2023-08-03 06:43:58', '2023-08-03 06:44:16', NULL),
(203, '9985921927', 1, '2023-08-03', '2023-08-03 06:44:02', '2023-08-03 06:44:45', NULL),
(204, '9885670571', 1, '2023-08-03', '2023-08-03 06:44:08', '2023-08-03 06:44:28', NULL),
(205, '9652822235', 1, '2023-08-04', '2023-08-04 05:16:29', NULL, NULL),
(206, '9391887888', 1, '2023-08-04', '2023-08-04 05:25:09', '2023-08-04 05:25:15', NULL),
(207, '9652753739', 1, '2023-08-04', '2023-08-04 05:26:18', NULL, NULL),
(208, '8008833997', 1, '2023-08-04', '2023-08-04 05:26:27', NULL, NULL),
(209, '9949899498', 1, '2023-08-04', '2023-08-04 05:38:04', NULL, NULL),
(210, '9885670571', 1, '2023-08-04', '2023-08-04 05:43:09', '2023-08-04 05:51:34', NULL),
(211, '8978411400', 1, '2023-08-04', '2023-08-04 05:51:41', NULL, NULL),
(212, '9985921927', 1, '2023-08-04', '2023-08-04 05:51:46', NULL, NULL),
(213, '9652822235', 1, '2023-08-05', '2023-08-05 05:19:34', '2023-08-05 05:57:09', NULL),
(214, '9391887888', 1, '2023-08-05', '2023-08-05 05:27:57', '2023-08-05 05:57:11', NULL),
(215, '9652753739', 1, '2023-08-05', '2023-08-05 05:34:29', '2023-08-05 05:34:39', NULL),
(216, '8008833997', 1, '2023-08-05', '2023-08-05 05:34:50', '2023-08-05 05:57:06', NULL),
(217, '9949899498', 1, '2023-08-05', '2023-08-05 05:53:55', '2023-08-05 05:54:18', NULL),
(218, '9985921927', 1, '2023-08-05', '2023-08-05 05:54:02', '2023-08-05 05:54:09', NULL),
(219, '9885670571', 1, '2023-08-05', '2023-08-05 05:56:52', '2023-08-05 05:56:58', NULL),
(220, '8978411400', 1, '2023-08-05', '2023-08-05 05:57:56', '2023-08-05 05:57:59', NULL),
(221, '9000188551', 1, '2023-08-07', '2023-08-07 05:36:49', '2023-08-07 06:16:35', NULL),
(222, '9652822235', 1, '2023-08-07', '2023-08-07 05:42:42', '2023-08-07 06:16:36', NULL),
(223, '9391887888', 1, '2023-08-07', '2023-08-07 05:45:12', '2023-08-07 06:16:38', NULL),
(224, '9652753739', 1, '2023-08-07', '2023-08-07 05:46:51', '2023-08-07 06:16:40', NULL),
(225, '8008833997', 1, '2023-08-07', '2023-08-07 05:46:53', '2023-08-07 06:16:45', NULL),
(226, '9949899498', 1, '2023-08-07', '2023-08-07 05:56:18', '2023-08-07 06:16:48', NULL),
(227, '9985921927', 1, '2023-08-07', '2023-08-07 06:01:38', '2023-08-07 06:16:50', NULL),
(228, '9885670571', 1, '2023-08-07', '2023-08-07 06:01:42', '2023-08-07 06:16:43', NULL),
(229, '8978411400', 1, '2023-08-07', '2023-08-07 06:04:19', '2023-08-07 06:16:55', NULL),
(230, '9000188551', 1, '2023-08-08', '2023-08-08 05:38:29', '2023-08-08 06:45:22', NULL),
(231, '9652822235', 1, '2023-08-08', '2023-08-08 05:45:51', '2023-08-08 06:45:25', NULL),
(232, '9391887888', 1, '2023-08-08', '2023-08-08 05:45:54', '2023-08-08 06:45:28', NULL),
(233, '9652753739', 1, '2023-08-08', '2023-08-08 05:47:46', '2023-08-08 06:45:30', NULL),
(234, '8008833997', 1, '2023-08-08', '2023-08-08 05:47:48', '2023-08-08 06:45:33', NULL),
(235, '9949899498', 1, '2023-08-08', '2023-08-08 05:53:06', '2023-08-08 06:45:36', NULL),
(236, '9985921927', 1, '2023-08-08', '2023-08-08 05:55:36', '2023-08-08 06:45:39', NULL),
(237, '9885670571', 1, '2023-08-08', '2023-08-08 06:01:17', '2023-08-08 06:45:41', NULL),
(238, '8978411400', 1, '2023-08-08', '2023-08-08 06:01:20', '2023-08-08 06:45:45', NULL),
(239, '9000188551', 1, '2023-08-09', '2023-08-09 05:28:59', '2023-08-09 05:29:16', NULL),
(240, '9652822235', 1, '2023-08-09', '2023-08-09 05:36:01', '2023-08-09 05:36:06', NULL),
(241, '9391887888', 1, '2023-08-09', '2023-08-09 05:40:10', '2023-08-09 06:07:04', NULL),
(242, '9652753739', 1, '2023-08-09', '2023-08-09 05:40:14', '2023-08-09 06:07:02', NULL),
(243, '8008833997', 1, '2023-08-09', '2023-08-09 05:40:17', '2023-08-09 06:07:06', NULL),
(244, '9949899498', 1, '2023-08-09', '2023-08-09 06:06:50', '2023-08-09 06:07:08', NULL),
(245, '9985921927', 1, '2023-08-09', '2023-08-09 06:06:53', '2023-08-09 06:07:10', NULL),
(246, '9885670571', 1, '2023-08-09', '2023-08-09 06:06:55', '2023-08-09 06:07:12', NULL),
(247, '8978411400', 1, '2023-08-09', '2023-08-09 06:06:57', '2023-08-09 06:07:15', NULL),
(248, '9652822235', 1, '2023-08-10', '2023-08-10 05:37:48', '2023-08-10 05:37:53', NULL),
(249, '9391887888', 1, '2023-08-10', '2023-08-10 05:39:02', '2023-08-10 05:39:07', NULL),
(250, '9652753739', 1, '2023-08-10', '2023-08-10 05:39:19', '2023-08-10 06:31:06', NULL),
(251, '8008833997', 1, '2023-08-10', '2023-08-10 05:48:59', '2023-08-10 05:52:55', NULL),
(252, '9949899498', 1, '2023-08-10', '2023-08-10 05:53:03', '2023-08-10 06:30:11', NULL),
(253, '9985921927', 1, '2023-08-10', '2023-08-10 05:53:31', '2023-08-10 06:29:29', NULL),
(254, '9885670571', 1, '2023-08-10', '2023-08-10 05:53:36', '2023-08-10 06:28:26', NULL),
(255, '8978411400', 1, '2023-08-10', '2023-08-10 05:56:01', '2023-08-10 05:56:08', NULL),
(256, '9000188551', 1, '2023-08-11', '2023-08-11 05:43:16', '2023-08-11 06:25:37', NULL),
(257, '9652822235', 1, '2023-08-11', '2023-08-11 05:46:58', '2023-08-11 06:25:43', NULL),
(258, '9391887888', 1, '2023-08-11', '2023-08-11 05:51:33', '2023-08-11 06:25:40', NULL),
(259, '9652753739', 1, '2023-08-11', '2023-08-11 05:53:21', '2023-08-11 06:25:45', NULL),
(260, '8008833997', 1, '2023-08-11', '2023-08-11 05:53:23', '2023-08-11 06:25:47', NULL),
(261, '9985921927', 1, '2023-08-11', '2023-08-11 05:56:13', '2023-08-11 05:56:19', NULL),
(262, '9885670571', 1, '2023-08-11', '2023-08-11 05:59:21', '2023-08-11 06:25:51', NULL),
(263, '8978411400', 1, '2023-08-11', '2023-08-11 06:05:15', '2023-08-11 06:25:54', NULL),
(264, '1111111111', 1, '2023-08-14', '2023-08-14 05:25:28', NULL, NULL),
(265, '9849944199', 1, '2023-08-14', '2023-08-14 05:29:07', NULL, NULL),
(266, '9000188551', 1, '2023-08-14', '2023-08-14 05:42:38', NULL, NULL),
(267, '9652822235', 1, '2023-08-14', '2023-08-14 05:42:40', NULL, NULL),
(268, '9739476669', 1, '2023-08-14', '2023-08-14 05:48:47', NULL, NULL),
(269, '3333333333', 1, '2023-08-14', '2023-08-14 05:50:04', '2023-08-14 05:50:26', NULL),
(270, '9391887888', 1, '2023-08-14', '2023-08-14 05:51:18', NULL, NULL),
(271, '9652753739', 1, '2023-08-14', '2023-08-14 05:51:21', NULL, NULL),
(272, '8008833997', 1, '2023-08-14', '2023-08-14 05:51:23', NULL, NULL),
(273, '9985921927', 1, '2023-08-14', '2023-08-14 05:51:30', NULL, NULL),
(274, '9966028333', 1, '2023-08-14', '2023-08-14 05:57:34', '2023-08-14 05:58:46', NULL),
(275, '9177155456', 1, '2023-08-14', '2023-08-14 05:58:53', NULL, NULL),
(276, '9441116444', 1, '2023-08-14', '2023-08-14 06:03:15', '2023-08-14 06:04:29', NULL),
(277, '9949899498', 1, '2023-08-14', '2023-08-14 06:03:24', NULL, NULL),
(278, '9885670571', 1, '2023-08-14', '2023-08-14 06:03:30', NULL, NULL),
(279, '8978411400', 1, '2023-08-14', '2023-08-14 06:03:33', NULL, NULL),
(280, '9494435744', 1, '2023-08-14', '2023-08-14 06:05:58', NULL, NULL),
(281, '8297999699', 1, '2023-08-14', '2023-08-14 06:08:38', NULL, NULL),
(282, '4444444444', 1, '2023-08-14', '2023-08-14 06:15:45', '2023-08-14 06:16:37', NULL),
(283, '5555555555', 1, '2023-08-14', '2023-08-14 06:16:36', NULL, NULL),
(284, '9000188551', 1, '2023-08-19', '2023-08-19 05:39:24', NULL, NULL),
(285, '9652822235', 1, '2023-08-19', '2023-08-19 05:39:26', NULL, NULL),
(286, '9391887888', 1, '2023-08-19', '2023-08-19 05:39:28', NULL, NULL),
(287, '9652753739', 1, '2023-08-19', '2023-08-19 05:39:32', '2023-08-19 05:39:36', NULL),
(288, '9440622003', 1, '2023-08-24', '2023-08-24 05:43:42', NULL, NULL),
(289, '9494492599', 1, '2023-08-24', '2023-08-24 05:43:46', '2023-08-24 05:43:58', NULL),
(290, '9866412348', 1, '2023-08-25', '2023-08-25 07:14:42', NULL, NULL),
(291, '9652822235', 1, '2023-09-06', '2023-09-06 05:36:19', NULL, NULL),
(292, '9391887888', 1, '2023-09-06', '2023-09-06 05:36:21', NULL, NULL),
(293, '9652753739', 1, '2023-09-06', '2023-09-06 05:36:23', NULL, NULL),
(294, '9866412348', 1, '2023-09-13', '2023-09-13 10:34:38', '2023-09-13 10:36:31', NULL),
(295, '9966066668', 1, '2023-09-13', '2023-09-13 10:34:46', NULL, NULL),
(296, '9866412348', 1, '2023-09-14', '2023-09-14 05:47:27', '2023-09-14 05:47:38', NULL),
(297, '9966066668', 1, '2023-09-14', '2023-09-14 05:47:30', '2023-09-14 05:47:38', NULL),
(298, '8096402224', 1, '2023-09-14', '2023-09-14 05:49:37', '2023-09-14 05:49:42', NULL),
(299, '9908954783', 1, '2023-09-14', '2023-09-14 05:49:44', '2023-09-14 05:49:47', NULL),
(300, '9866412348', 1, '2023-09-19', '2023-09-19 05:46:54', NULL, NULL),
(301, '9866412348', 1, '2023-09-20', '2023-09-20 10:44:19', '2023-09-20 10:46:57', NULL),
(302, '9866412348', 1, '2023-09-22', '2023-09-22 07:08:25', '2023-09-22 07:08:29', NULL),
(303, '9866412348', 1, '2023-11-18', '2023-11-18 08:54:34', '2023-11-18 08:54:36', NULL),
(304, '9966066668', 1, '2023-11-18', '2023-11-18 08:54:37', '2023-11-18 08:54:38', NULL),
(305, '8096402224', 1, '2023-11-18', '2023-11-18 08:54:40', '2023-11-18 08:54:41', NULL),
(306, '9908954783', 1, '2023-11-18', '2023-11-18 08:54:43', '2023-11-18 08:54:45', NULL),
(307, '9989994199', 1, '2023-11-18', '2023-11-18 08:54:47', '2023-11-18 08:55:20', NULL),
(308, '9949432244', 1, '2023-11-18', '2023-11-18 08:55:17', '2023-11-18 08:55:22', NULL),
(309, '6666666666', 1, '2023-11-18', '2023-11-18 08:55:24', '2023-11-18 08:55:29', NULL),
(310, '9394499989', 1, '2023-11-18', '2023-11-18 08:55:26', '2023-11-18 08:55:32', NULL),
(311, '9908144655', 1, '2023-11-18', '2023-11-18 08:55:39', '2023-11-18 08:55:55', NULL),
(312, '9959611117', 1, '2023-11-18', '2023-11-18 08:55:47', '2023-11-18 08:56:17', NULL),
(313, '9493475111', 1, '2023-11-18', '2023-11-18 08:56:20', '2023-11-18 08:56:34', NULL),
(314, '9966066668', 1, '2024-01-04', '2024-01-04 05:22:26', NULL, NULL),
(315, '9866412348', 1, '2024-01-04', '2024-01-04 05:22:44', NULL, NULL),
(316, '8096402224', 1, '2024-01-04', '2024-01-04 05:32:47', NULL, NULL),
(317, '9989994199', 1, '2024-01-04', '2024-01-04 05:34:29', NULL, NULL),
(318, '9908954783', 1, '2024-01-04', '2024-01-04 05:38:59', NULL, NULL),
(319, '9949432244', 1, '2024-01-04', '2024-01-04 05:40:27', NULL, NULL),
(320, '6666666666', 1, '2024-01-04', '2024-01-04 05:41:42', NULL, NULL),
(321, '9394499989', 1, '2024-01-04', '2024-01-04 05:43:09', NULL, NULL),
(322, '9908144655', 1, '2024-01-04', '2024-01-04 05:47:11', NULL, NULL),
(323, '9493475111', 1, '2024-01-04', '2024-01-04 05:49:23', NULL, NULL),
(324, '9989804141', 1, '2024-01-04', '2024-01-04 05:49:39', NULL, NULL),
(325, '9618110459', 1, '2024-01-04', '2024-01-04 05:49:45', NULL, NULL),
(326, '9441235555', 1, '2024-01-04', '2024-01-04 05:56:39', NULL, NULL),
(327, '8328621506', 1, '2024-01-04', '2024-01-04 05:59:41', NULL, NULL),
(328, '9542672234', 1, '2024-01-04', '2024-01-04 06:06:11', NULL, NULL),
(329, '9493855599', 1, '2024-01-04', '2024-01-04 06:06:19', NULL, NULL),
(330, '9397676677', 1, '2024-01-04', '2024-01-04 06:06:27', NULL, NULL),
(331, '9704186789', 1, '2024-01-04', '2024-01-04 06:06:33', '2024-01-04 06:06:38', NULL),
(332, '9577595776', 1, '2024-01-04', '2024-01-04 06:07:23', NULL, NULL),
(333, '8886088449', 1, '2024-01-04', '2024-01-04 06:07:31', NULL, NULL),
(334, '9866412348', 1, '2024-10-24', '2024-10-24 05:06:09', '2024-10-24 05:06:12', NULL),
(335, '9966066668', 1, '2024-10-24', '2024-10-24 05:07:10', '2024-10-24 05:07:13', NULL),
(336, '8096402224', 1, '2024-10-24', '2024-10-24 05:07:16', '2024-10-24 05:07:17', NULL),
(337, '9908954783', 1, '2024-10-24', '2024-10-24 05:07:22', '2024-10-24 05:07:24', NULL),
(338, '9989994199', 1, '2024-10-24', '2024-10-24 05:07:27', '2024-10-24 05:07:29', NULL),
(339, '9949432244', 1, '2024-10-24', '2024-10-24 05:08:16', '2024-10-24 05:08:20', NULL),
(340, '6666666666', 1, '2024-10-24', '2024-10-24 05:10:15', '2024-10-24 05:10:18', NULL);

--
-- Indexes for dumped tables
--

--
-- Indexes for table `schools`
--
ALTER TABLE `schools`
  ADD PRIMARY KEY (`sid`);

--
-- Indexes for table `subscriptions`
--
ALTER TABLE `subscriptions`
  ADD PRIMARY KEY (`pid`);

--
-- Indexes for table `team`
--
ALTER TABLE `team`
  ADD PRIMARY KEY (`eid`);

--
-- Indexes for table `trips`
--
ALTER TABLE `trips`
  ADD PRIMARY KEY (`tripid`);

--
-- AUTO_INCREMENT for dumped tables
--

--
-- AUTO_INCREMENT for table `trips`
--
ALTER TABLE `trips`
  MODIFY `tripid` int(11) NOT NULL AUTO_INCREMENT, AUTO_INCREMENT=341;
/*!40101 SET CHARACTER_SET_CLIENT=@OLD_CHARACTER_SET_CLIENT */;
/*!40101 SET CHARACTER_SET_RESULTS=@OLD_CHARACTER_SET_RESULTS */;
/*!40101 SET COLLATION_CONNECTION=@OLD_COLLATION_CONNECTION */;
